link,winner,date,teamA_winrate,teamA_winstreak,teamA_avg_round_diff,teamA_matches_used,teamA_recent5_winrate,teamA_recent5_winstreak,teamA_recent5_avg_round_diff,teamA_recent5_matches_used,teamB_winrate,teamB_winstreak,teamB_avg_round_diff,teamB_matches_used,teamB_recent5_winrate,teamB_recent5_winstreak,teamB_recent5_avg_round_diff,teamB_recent5_matches_used,diff_winrate,diff_avg_round_diff,diff_winstreak,diff_recent5_winrate,diff_recent5_avg_round_diff,diff_recent5_winstreak
https://www.vlr.gg/542267/nrg-vs-giantx-valorant-champions-2025-ubqf,0,2025-09-26 11:35:00,0.8,2,0.8,10,0.8,2,0.6,5,0.6,1,0.3,10,0.6,1,0.4,5,0.2,0.5,1,0.2,0.2,1
https://www.vlr.gg/542266/team-heretics-vs-mibr-valorant-champions-2025-ubqf,1,2025-09-26 09:00:00,0.8,2,0.9,10,0.6,2,0.4,5,0.4,1,-0.2,10,0.6,1,0.6,5,0.4,1.1,1,0.0,-0.2,1
https://www.vlr.gg/542264/fnatic-vs-drx-valorant-champions-2025-ubqf,0,2025-09-25 12:50:00,0.7,2,0.5,10,0.6,2,0.2,5,0.6,1,0.5,10,0.4,1,0.0,5,0.1,0.0,1,0.2,0.2,1
https://www.vlr.gg/542265/paper-rex-vs-g2-esports-valorant-champions-2025-ubqf,0,2025-09-25 09:00:00,0.9,6,1.5,10,1.0,5,1.8,5,0.9,2,1.5,10,0.8,2,1.4,5,0.0,0.0,4,0.2,0.4,3
https://www.vlr.gg/542204/mibr-vs-rex-regum-qeon-valorant-champions-2025-decider-b,0,2025-09-22 11:15:00,0.3,0,-0.5,10,0.6,0,0.6,5,0.6,1,0.0,10,0.6,1,-0.2,5,-0.3,-0.5,-1,0.0,0.8,-1
https://www.vlr.gg/542215/t1-vs-g2-esports-valorant-champions-2025-decider-d,1,2025-09-22 09:00:00,0.6,0,0.4,10,0.4,0,-0.2,5,0.9,1,1.5,10,0.8,1,1.2,5,-0.3,-1.1,-1,-0.4,-1.4,-1
https://www.vlr.gg/542199/giantx-vs-xi-lai-gaming-valorant-champions-2025-decider-a,0,2025-09-21 11:20:00,0.6,0,0.2,10,0.6,0,0.2,5,0.5,1,0.0,10,0.4,1,-0.8,5,0.1,0.2,-1,0.2,1.0,-1
https://www.vlr.gg/542210/drx-vs-team-liquid-valorant-champions-2025-decider-c,0,2025-09-21 09:00:00,0.5,0,0.1,10,0.4,0,0.0,5,0.8,1,0.9,10,0.8,1,0.8,5,-0.3,-0.8,-1,-0.4,-0.8,-1
https://www.vlr.gg/542214/g2-esports-vs-dragon-ranger-gaming-valorant-champions-2025-elim-d,0,2025-09-20 12:00:00,0.8,0,1.2,10,0.8,0,1.2,5,0.5,0,-0.2,10,0.4,0,-0.8,5,0.3,1.4,0,0.4,2.0,0
https://www.vlr.gg/542203/bilibili-gaming-vs-rex-regum-qeon-valorant-champions-2025-elim-b,1,2025-09-20 09:00:00,0.6,0,0.5,10,0.4,0,0.0,5,0.6,0,0.0,10,0.6,0,0.0,5,0.0,0.5,0,-0.2,0.0,0
https://www.vlr.gg/542198/xi-lai-gaming-vs-sentinels-valorant-champions-2025-elim-a,0,2025-09-19 12:30:00,0.4,0,-0.2,10,0.2,0,-1.2,5,0.6,0,0.2,10,0.4,0,-0.6,5,-0.2,-0.4,0,-0.2,-0.6,0
https://www.vlr.gg/542209/team-liquid-vs-edward-gaming-valorant-champions-2025-elim-c,0,2025-09-19 09:00:00,0.7,0,0.7,10,0.6,0,0.4,5,0.4,0,-0.5,10,0.2,0,-1.0,5,0.3,1.2,0,0.4,1.4,0
https://www.vlr.gg/542202/mibr-vs-fnatic-valorant-champions-2025-winners-b,1,2025-09-18 11:25:00,0.4,2,-0.3,10,0.6,2,0.4,5,0.6,1,0.3,10,0.6,1,0.4,5,-0.2,-0.6,1,0.0,0.0,1
https://www.vlr.gg/542213/team-heretics-vs-t1-valorant-champions-2025-winners-d,0,2025-09-18 09:00:00,0.8,1,0.8,10,0.6,1,0.4,5,0.6,1,0.4,10,0.6,1,0.4,5,0.2,0.4,0,0.0,0.0,0
https://www.vlr.gg/542208/drx-vs-nrg-valorant-champions-2025-winners-c,1,2025-09-17 12:10:00,0.5,1,0.0,10,0.6,1,0.6,5,0.8,1,0.9,10,0.8,1,0.8,5,-0.3,-0.9,0,-0.2,-0.2,0
https://www.vlr.gg/542197/paper-rex-vs-giantx-valorant-champions-2025-winners-a,0,2025-09-17 09:00:00,0.8,5,1.2,10,1.0,5,2.0,5,0.6,1,0.2,10,0.8,1,0.8,5,0.2,1.0,4,0.2,1.2,4
https://www.vlr.gg/542201/rex-regum-qeon-vs-fnatic-valorant-champions-2025-opening-b,1,2025-09-15 11:10:00,0.7,0,0.3,10,0.8,0,0.6,5,0.6,0,0.2,10,0.4,0,-0.4,5,0.1,0.1,0,0.4,1.0,0
https://www.vlr.gg/542200/bilibili-gaming-vs-mibr-valorant-champions-2025-opening-b,1,2025-09-15 09:00:00,0.6,0,0.6,10,0.6,0,0.6,5,0.3,1,-0.7,10,0.4,1,-0.2,5,0.3,1.3,-1,0.2,0.8,-1
https://www.vlr.gg/542211/g2-esports-vs-team-heretics-valorant-champions-2025-opening-d,1,2025-09-14 12:20:00,0.8,8,1.3,10,1.0,5,2.0,5,0.8,0,0.8,10,0.6,0,0.4,5,0.0,0.5,8,0.4,1.6,5
https://www.vlr.gg/542212/dragon-ranger-gaming-vs-t1-valorant-champions-2025-opening-d,1,2025-09-14 09:00:00,0.6,0,0.1,10,0.6,0,0.0,5,0.6,0,0.3,10,0.6,0,0.4,5,0.0,-0.2,0,0.0,-0.4,0
https://www.vlr.gg/542205/team-liquid-vs-drx-valorant-champions-2025-opening-c,1,2025-09-13 11:55:00,0.8,3,1.1,10,0.8,3,1.2,5,0.5,0,-0.1,10,0.6,0,0.6,5,0.3,1.2,3,0.2,0.6,3
https://www.vlr.gg/542207/nrg-vs-edward-gaming-valorant-champions-2025-opening-c,0,2025-09-13 09:00:00,0.7,0,0.5,10,0.6,0,0.2,5,0.5,0,-0.1,10,0.4,0,-0.2,5,0.2,0.6,0,0.2,0.4,0
https://www.vlr.gg/542196/giantx-vs-sentinels-valorant-champions-2025-opening-a,0,2025-09-12 11:25:00,0.6,0,0.2,10,0.6,0,0.4,5,0.7,0,0.5,10,0.6,0,0.0,5,-0.1,-0.3,0,0.0,0.4,0
https://www.vlr.gg/542195/paper-rex-vs-xi-lai-gaming-valorant-champions-2025-opening-a,0,2025-09-12 09:00:00,0.7,4,0.9,10,0.8,4,1.2,5,0.4,0,-0.1,10,0.2,0,-1.0,5,0.3,1.0,4,0.6,2.2,4
https://www.vlr.gg/534750/stellae-gaming-gc-vs-n-o-estamos-aqui-game-changers-2025-brazil-finals-lr1,0,2025-09-10 18:15:00,0.4,0,-0.5,10,0.6,0,-0.2,5,0.714,0,0.857,7,0.6,0,0.4,5,-0.314,-1.357,0,0.0,-0.6,0
https://www.vlr.gg/524954/akave-esports-gc-vs-myvra-gc-game-changers-2025-latam-main-event-gf,0,2025-09-10 18:00:00,1.0,10,1.7,10,1.0,5,1.6,5,0.7,1,0.7,10,0.6,1,0.4,5,0.3,1.0,9,0.4,1.2,4
https://www.vlr.gg/534749/paintress-vs-corinthians-esports-inclusivo-game-changers-2025-brazil-finals-lr1,1,2025-09-10 16:00:00,0.625,0,0.625,8,0.4,0,0.0,5,0.4,0,-0.4,10,0.4,0,-0.8,5,0.225,1.025,0,0.0,0.8,0
https://www.vlr.gg/534744/2game-esports-gc-vs-n-o-estamos-aqui-game-changers-2025-brazil-finals-ubqf,0,2025-09-09 17:50:00,0.6,0,0.1,10,0.4,0,-0.6,5,0.833,0,1.333,6,0.8,0,1.2,5,-0.233,-1.233,0,-0.4,-1.8,0
https://www.vlr.gg/534741/team-liquid-brazil-vs-stellae-gaming-gc-game-changers-2025-brazil-finals-ubqf,0,2025-09-09 16:00:00,0.9,0,1.7,10,0.8,0,1.2,5,0.4,2,-0.5,10,0.6,2,-0.2,5,0.5,2.2,-2,0.2,1.4,-2
https://www.vlr.gg/524943/leviat-n-gc-vs-kr-blaze-game-changers-2025-latam-main-event-gf,1,2025-09-09 15:00:00,0.9,5,1.5,10,1.0,5,2.0,5,0.7,1,0.8,10,0.6,1,0.8,5,0.2,0.7,4,0.4,1.2,4
https://www.vlr.gg/535406/dnsty-vs-ulf-esports-challengers-2025-emea-stage-3-gf,1,2025-09-09 11:00:00,0.9,6,1.2,10,1.0,5,1.2,5,0.7,1,0.7,10,0.8,1,1.2,5,0.2,0.5,5,0.2,0.0,4
https://www.vlr.gg/538772/empire-3-vs-tenax-gc-game-changers-2025-north-america-stage-2-r6-3-2-vs-2-3,0,2025-09-08 20:30:00,0.5,1,-0.2,10,0.6,1,0.2,5,0.4,0,-0.5,10,0.4,0,-0.6,5,0.1,0.3,1,0.2,0.8,1
https://www.vlr.gg/538771/blue-otter-gc-vs-ydz-black-game-changers-2025-north-america-stage-2-r6-2-3,0,2025-09-08 20:00:00,0.7,0,0.6,10,0.4,0,-0.6,5,0.6,1,0.5,10,0.4,1,-0.2,5,0.1,0.1,-1,0.0,-0.4,-1
https://www.vlr.gg/538773/mak-n-cheese-vs-game-changers-2025-north-america-stage-2-r6-2-3,1,2025-09-08 20:00:00,0.7,0,0.3,10,0.4,0,-0.6,5,0.6,2,0.2,10,0.4,2,-0.6,5,0.1,0.1,-2,0.0,0.0,-2
https://www.vlr.gg/534742/corinthians-esports-inclusivo-vs-tbs-esports-gc-game-changers-2025-brazil-finals-ubqf,1,2025-09-08 19:00:00,0.4,0,-0.4,10,0.4,0,-0.6,5,0.6,3,0.5,10,0.6,3,0.8,5,-0.2,-0.9,-3,-0.2,-1.4,-3
https://www.vlr.gg/538769/100-thieves-gc-vs-flyquest-red-game-changers-2025-north-america-stage-2-r6-3-2,0,2025-09-08 17:00:00,0.4,0,-0.4,10,0.6,0,0.4,5,0.4,1,-0.3,10,0.6,1,0.6,5,0.0,-0.1,-1,0.0,-0.2,-1
https://www.vlr.gg/538770/ghost-gaming-vs-hakikimori-gc-game-changers-2025-north-america-stage-2-r6-3-2,0,2025-09-08 17:00:00,0.6,0,0.0,10,0.6,0,0.2,5,0.8,2,0.9,10,0.6,2,0.0,5,-0.2,-0.9,-2,0.0,0.2,-2
https://www.vlr.gg/534743/mibr-gc-vs-paintress-game-changers-2025-brazil-finals-ubqf,0,2025-09-08 16:00:00,0.7,3,0.9,10,0.8,3,1.4,5,0.714,0,1.0,7,0.6,0,0.8,5,-0.014,-0.1,3,0.2,0.6,3
https://www.vlr.gg/535405/ulf-esports-vs-mandatory-challengers-2025-emea-stage-3-lbf,0,2025-09-08 11:00:00,0.6,0,0.3,10,0.8,0,0.8,5,0.5,1,0.0,10,0.4,1,-0.4,5,0.1,0.3,-1,0.4,1.2,-1
https://www.vlr.gg/543782/red-canids-vs-team-solid-challengers-2025-brazil-gamers-club-last-chance-qualifier-gf,1,2025-09-07 16:00:00,0.6,2,0.3,10,0.8,2,1.0,5,0.7,1,0.4,10,0.6,1,0.0,5,-0.1,-0.1,1,0.2,1.0,1
https://www.vlr.gg/544548/alliance-guardians-vs-burger-boyz-challengers-2025-north-america-ace-stage-3-pm,0,2025-09-07 16:00:00,0.7,0,0.6,10,0.6,0,0.4,5,0.6,0,0.4,10,0.6,0,0.0,5,0.1,0.2,0,0.0,0.4,0
https://www.vlr.gg/544549/team-slatt-vs-sad-esports-challengers-2025-north-america-ace-stage-3-pm,1,2025-09-07 16:00:00,0.778,0,0.778,9,0.6,0,0.4,5,0.6,3,0.3,10,0.6,3,0.2,5,0.178,0.478,-3,0.0,0.2,-3
https://www.vlr.gg/532277/shinden-vs-six-karma-challengers-2025-latin-america-finals-decider,0,2025-09-07 15:00:00,0.6,0,0.5,10,0.6,0,0.8,5,0.7,1,0.8,10,0.6,1,0.4,5,-0.1,-0.3,-1,0.0,0.4,-1
https://www.vlr.gg/535404/dnsty-vs-ulf-esports-challengers-2025-emea-stage-3-ubf,0,2025-09-07 14:00:00,0.9,5,1.2,10,1.0,5,1.6,5,0.7,4,0.6,10,0.8,4,0.4,5,0.2,0.6,1,0.2,1.2,1
https://www.vlr.gg/535403/mandatory-vs-twisted-minds-challengers-2025-emea-stage-3-lr1,0,2025-09-07 11:00:00,0.5,0,0.1,10,0.4,0,-0.4,5,0.8,0,1.4,10,0.8,0,1.4,5,-0.3,-1.3,0,-0.4,-1.8,0
https://www.vlr.gg/521247/motiv-esports-vs-full-sense-challengers-2025-southeast-asia-split-3-gf,0,2025-09-07 07:00:00,0.8,3,1.1,10,0.6,3,0.4,5,0.6,2,0.4,10,0.8,2,0.8,5,0.2,0.7,1,-0.2,-0.4,1
https://www.vlr.gg/538575/titan-esports-club-vs-jdg-esports-china-evolution-series-act-3-gf,1,2025-09-07 05:00:00,0.5,5,0.0,10,1.0,5,1.4,5,0.4,3,-0.2,10,0.6,3,0.4,5,0.1,0.2,2,0.4,1.0,2
https://www.vlr.gg/543173/shopify-rebellion-gold-vs-prosperity-esports-challengers-2025-north-america-ace-stage-3-r3,1,2025-09-06 19:10:00,0.6,0,0.5,10,0.4,0,-0.2,5,0.4,0,-0.1,10,0.4,0,0.0,5,0.2,0.6,0,0.0,-0.2,0
https://www.vlr.gg/532275/9z-team-vs-shinden-challengers-2025-latin-america-finals-winners,0,2025-09-06 19:00:00,0.5,1,-0.2,10,0.4,1,-0.8,5,0.6,1,0.5,10,0.6,1,0.8,5,-0.1,-0.7,0,-0.2,-1.6,0
https://www.vlr.gg/531690/team-solid-vs-los-grandes-challengers-2025-brazil-gamers-club-last-chance-qualifier-lf,0,2025-09-06 16:00:00,0.7,0,0.5,10,0.4,0,-0.6,5,0.7,1,0.6,10,0.4,1,-0.2,5,0.0,-0.1,-1,0.0,-0.4,-1
https://www.vlr.gg/543172/sad-esports-vs-burger-boyz-challengers-2025-north-america-ace-stage-3-r3,0,2025-09-06 16:00:00,0.6,2,0.3,10,0.6,2,0.4,5,0.7,2,0.7,10,0.8,2,0.6,5,-0.1,-0.4,0,-0.2,-0.2,0
https://www.vlr.gg/532276/e-xolos-lazer-vs-six-karma-challengers-2025-latin-america-finals-elim,1,2025-09-06 14:00:00,0.8,0,1.2,10,0.6,0,0.8,5,0.7,0,0.8,10,0.6,0,0.4,5,0.1,0.4,0,0.0,0.4,0
https://www.vlr.gg/535402/twisted-minds-vs-ulf-esports-challengers-2025-emea-stage-3-ubsf,1,2025-09-06 14:00:00,0.9,6,1.6,10,1.0,5,2.0,5,0.7,3,0.7,10,0.8,3,0.8,5,0.2,0.9,3,0.2,1.2,2
https://www.vlr.gg/535401/mandatory-vs-dnsty-challengers-2025-emea-stage-3-ubsf,1,2025-09-06 11:00:00,0.6,0,0.4,10,0.6,0,0.0,5,0.8,4,1.0,10,0.8,4,1.0,5,-0.2,-0.6,-4,-0.2,-1.0,-4
https://www.vlr.gg/521249/naos-vs-full-sense-challengers-2025-southeast-asia-split-3-lbf,1,2025-09-06 07:00:00,0.7,0,0.6,10,0.8,0,1.0,5,0.5,1,0.0,10,0.8,1,0.8,5,0.2,0.6,-1,0.0,0.2,-1
https://www.vlr.gg/538576/funplus-phoenix-vs-wolves-esports-china-evolution-series-act-3-cf,1,2025-09-06 05:00:00,0.5,0,-0.2,10,0.2,0,-1.0,5,0.3,0,-0.9,10,0.6,0,0.2,5,0.2,0.7,0,-0.4,-1.2,0
https://www.vlr.gg/528187/fearx-vs-slt-seongnam-challengers-2025-korea-wdg-road-to-ascension-gf,1,2025-09-06 04:00:00,0.6,1,0.3,10,0.6,1,0.2,5,0.6,1,0.4,10,0.4,1,-0.6,5,0.0,-0.1,0,0.2,0.8,0
https://www.vlr.gg/531688/team-solid-vs-red-canids-challengers-2025-brazil-gamers-club-last-chance-qualifier-ubf,1,2025-09-05 19:00:00,0.7,1,0.4,10,0.6,1,-0.2,5,0.6,1,0.4,10,0.6,1,0.4,5,0.1,0.0,0,0.0,-0.6,0
https://www.vlr.gg/543171/sad-esports-vs-prosperity-esports-challengers-2025-north-america-ace-stage-3-r2,0,2025-09-05 19:00:00,0.6,1,0.3,10,0.4,1,0.0,5,0.5,0,0.2,10,0.4,0,-0.2,5,0.1,0.1,1,0.0,0.2,1
https://www.vlr.gg/532274/shinden-vs-six-karma-challengers-2025-latin-america-finals-opening,0,2025-09-05 18:25:00,0.6,0,0.5,10,0.4,0,0.2,5,0.8,0,1.2,10,0.8,0,1.2,5,-0.2,-0.7,0,-0.4,-1.0,0
https://www.vlr.gg/531689/los-grandes-vs-corinthians-esports-challengers-2025-brazil-gamers-club-last-chance-qualifier-lr1,0,2025-09-05 16:00:00,0.6,0,0.3,10,0.4,0,-0.4,5,0.6,0,0.4,10,0.2,0,-0.8,5,0.0,-0.1,0,0.2,0.4,0
https://www.vlr.gg/543170/shopify-rebellion-gold-vs-burger-boyz-challengers-2025-north-america-ace-stage-3-r2,1,2025-09-05 16:00:00,0.7,0,0.8,10,0.6,0,0.4,5,0.7,1,0.8,10,0.6,1,0.2,5,0.0,0.0,-1,0.0,0.2,-1
https://www.vlr.gg/532273/e-xolos-lazer-vs-9z-team-challengers-2025-latin-america-finals-opening,1,2025-09-05 15:00:00,0.9,2,1.5,10,0.8,2,1.2,5,0.5,0,-0.2,10,0.2,0,-1.4,5,0.4,1.7,2,0.6,2.6,2
https://www.vlr.gg/538442/ulf-esports-vs-d-ti-ulice-challengers-2025-emea-stage-3-group-stage-d5,0,2025-09-05 13:10:00,0.7,2,0.7,10,0.6,2,0.4,5,0.5,0,-0.1,10,0.2,0,-1.0,5,0.2,0.8,2,0.4,1.4,2
https://www.vlr.gg/521246/motiv-esports-vs-naos-challengers-2025-southeast-asia-split-3-ubf,0,2025-09-05 11:10:00,0.7,2,0.8,10,0.6,2,0.4,5,0.8,4,0.9,10,0.8,4,1.0,5,-0.1,-0.1,-2,-0.2,-0.6,-2
https://www.vlr.gg/538441/boars-vs-twisted-minds-challengers-2025-emea-stage-3-group-stage-d5,1,2025-09-05 11:00:00,0.8,1,0.8,10,0.8,1,1.0,5,0.9,5,1.6,10,1.0,5,2.0,5,-0.1,-0.8,-4,-0.2,-1.0,-4
https://www.vlr.gg/538574/jdg-esports-vs-wolves-esports-china-evolution-series-act-3-sf,1,2025-09-05 08:35:00,0.4,2,-0.1,10,0.6,2,0.4,5,0.4,2,-0.6,10,0.6,2,0.0,5,0.0,0.5,0,0.0,0.4,0
https://www.vlr.gg/521248/full-sense-vs-team-nkt-challengers-2025-southeast-asia-split-3-lr1,0,2025-09-05 07:00:00,0.5,0,0.0,10,0.6,0,0.4,5,0.7,0,0.4,10,0.6,0,0.0,5,-0.2,-0.4,0,0.0,0.4,0
https://www.vlr.gg/538573/titan-esports-club-vs-funplus-phoenix-china-evolution-series-act-3-sf,0,2025-09-05 05:00:00,0.4,4,-0.3,10,0.8,4,1.0,5,0.5,1,-0.3,10,0.4,1,-0.6,5,-0.1,0.0,3,0.4,1.6,3
https://www.vlr.gg/543169/sad-esports-vs-shopify-rebellion-gold-challengers-2025-north-america-ace-stage-3-r1,0,2025-09-04 19:10:00,0.5,0,0.0,10,0.4,0,0.0,5,0.8,0,1.1,10,0.8,0,1.0,5,-0.3,-1.1,0,-0.4,-1.0,0
https://www.vlr.gg/531687/corinthians-esports-vs-red-canids-challengers-2025-brazil-gamers-club-last-chance-qualifier-ubsf,1,2025-09-04 19:00:00,0.6,0,0.5,10,0.4,0,0.0,5,0.6,0,0.3,10,0.6,0,0.4,5,0.0,0.2,0,-0.2,-0.4,0
https://www.vlr.gg/524957/myvra-gc-vs-contra-gc-game-changers-2025-latam-main-event-lbf,0,2025-09-04 18:00:00,0.7,0,0.7,10,0.4,0,-0.2,5,0.5,1,-0.3,10,0.4,1,-0.6,5,0.2,1.0,-1,0.0,0.4,-1
https://www.vlr.gg/531686/los-grandes-vs-team-solid-challengers-2025-brazil-gamers-club-last-chance-qualifier-ubsf,1,2025-09-04 16:00:00,0.6,0,0.2,10,0.6,0,0.2,5,0.7,0,0.4,10,0.6,0,0.0,5,-0.1,-0.2,0,0.0,0.2,0
https://www.vlr.gg/543168/burger-boyz-vs-prosperity-esports-challengers-2025-north-america-ace-stage-3-r1,0,2025-09-04 16:00:00,0.6,0,0.5,10,0.6,0,0.4,5,0.6,0,0.5,10,0.6,0,0.4,5,0.0,0.0,0,0.0,0.0,0
https://www.vlr.gg/538440/ulf-esports-vs-the-ultimates-challengers-2025-emea-stage-3-group-stage-d4,0,2025-09-04 14:00:00,0.6,1,0.3,10,0.6,1,0.2,5,0.6,0,0.0,10,0.6,0,0.0,5,0.0,0.3,1,0.0,0.2,1
https://www.vlr.gg/538438/boars-vs-koi-f-nix-challengers-2025-emea-stage-3-group-stage-d4,0,2025-09-04 13:10:00,0.8,0,0.8,10,0.8,0,1.2,5,0.7,0,0.8,10,0.4,0,0.0,5,0.1,0.0,0,0.4,1.2,0
https://www.vlr.gg/538437/mouz-vs-twisted-minds-challengers-2025-emea-stage-3-group-stage-d4,1,2025-09-04 11:00:00,0.9,9,1.6,10,1.0,5,2.2,5,0.9,4,1.7,10,0.8,4,1.6,5,0.0,-0.1,5,0.2,0.6,1
https://www.vlr.gg/538439/joblife-vs-d-ti-ulice-challengers-2025-emea-stage-3-group-stage-d4,0,2025-09-04 11:00:00,0.6,1,0.8,10,0.8,1,1.6,5,0.5,0,0.0,10,0.4,0,-0.2,5,0.1,0.8,1,0.4,1.8,1
https://www.vlr.gg/532795/envy-vs-tsm-challengers-2025-north-america-ace-stage-3-gf,1,2025-09-03 16:00:00,0.8,4,1.2,10,0.8,4,1.0,5,1.0,10,1.8,10,1.0,5,1.6,5,-0.2,-0.6,-6,-0.2,-0.6,-1
https://www.vlr.gg/524947/kr-blaze-vs-zen-esports-gc-game-changers-2025-latam-main-event-lbf,0,2025-09-03 15:00:00,0.7,0,0.8,10,0.4,0,0.0,5,0.6,1,0.1,10,0.6,1,0.0,5,0.1,0.7,-1,-0.2,0.0,-1
https://www.vlr.gg/538432/mouz-vs-koi-f-nix-challengers-2025-emea-stage-3-group-stage-d3,0,2025-09-03 13:10:00,0.9,8,1.6,10,1.0,5,2.2,5,0.7,0,0.8,10,0.6,0,0.8,5,0.2,0.8,8,0.4,1.4,5
https://www.vlr.gg/538434/mandatory-vs-enterprise-esports-challengers-2025-emea-stage-3-group-stage-d3,1,2025-09-03 13:10:00,0.6,1,0.3,10,0.8,1,0.6,5,0.8,0,0.9,10,0.8,0,1.0,5,-0.2,-0.6,1,0.0,-0.4,1
https://www.vlr.gg/538430/team-liquid-academy-vs-dnsty-challengers-2025-emea-stage-3-group-stage-d3,1,2025-09-03 11:00:00,0.7,1,0.4,10,0.8,1,0.6,5,0.8,3,1.0,10,0.8,3,1.0,5,-0.1,-0.6,-2,0.0,-0.4,-2
https://www.vlr.gg/538431/joblife-vs-the-ultimates-challengers-2025-emea-stage-3-group-stage-d3,0,2025-09-03 11:00:00,0.6,0,0.8,10,0.8,0,1.6,5,0.6,1,0.1,10,0.6,1,0.0,5,0.0,0.7,-1,0.2,1.6,-1
https://www.vlr.gg/524956/fusion-x-vs-contra-gc-game-changers-2025-latam-main-event-lr1,1,2025-09-02 21:30:00,0.5,0,0.0,10,0.4,0,-0.4,5,0.5,0,-0.2,10,0.2,0,-1.2,5,0.0,0.2,0,0.2,0.8,0
https://www.vlr.gg/524953/akave-esports-gc-vs-myvra-gc-game-changers-2025-latam-main-event-ubf,0,2025-09-02 18:00:00,1.0,10,1.8,10,1.0,5,1.8,5,0.8,1,1.0,10,0.6,1,0.4,5,0.2,0.8,9,0.4,1.4,4
https://www.vlr.gg/532801/qor-vs-tsm-challengers-2025-north-america-ace-stage-3-lbf,1,2025-09-02 16:00:00,0.8,0,0.9,10,0.8,0,1.0,5,0.9,9,1.5,10,1.0,5,1.8,5,-0.1,-0.6,-9,-0.2,-0.8,-5
https://www.vlr.gg/538428/boars-vs-mouz-challengers-2025-emea-stage-3-group-stage-d2,1,2025-09-02 14:00:00,0.9,7,1.2,10,1.0,5,1.8,5,0.8,7,1.3,10,1.0,5,2.2,5,0.1,-0.1,0,0.0,-0.4,0
https://www.vlr.gg/538427/joblife-vs-ulf-esports-challengers-2025-emea-stage-3-group-stage-d2,1,2025-09-02 13:00:00,0.6,4,0.9,10,0.8,4,1.6,5,0.6,0,0.4,10,0.4,0,-0.2,5,0.0,0.5,4,0.4,1.8,4
https://www.vlr.gg/538426/dnsty-vs-eintracht-frankfurt-challengers-2025-emea-stage-3-group-stage-d2,0,2025-09-02 11:00:00,0.7,2,0.9,10,0.8,2,1.0,5,0.7,0,0.4,10,0.6,0,0.0,5,0.0,0.5,2,0.2,1.0,2
https://www.vlr.gg/538429/enterprise-esports-vs-bbl-pcific-challengers-2025-emea-stage-3-group-stage-d2,1,2025-09-02 11:00:00,0.9,6,1.3,10,1.0,5,1.6,5,0.7,0,0.8,10,0.8,0,1.0,5,0.2,0.5,6,0.2,0.6,5
https://www.vlr.gg/524946/zen-esports-gc-vs-university-war-gc-game-changers-2025-latam-main-event-lr1,0,2025-09-01 18:40:00,0.6,0,0.1,10,0.4,0,-0.8,5,0.6,0,0.4,10,0.4,0,-0.4,5,0.0,-0.3,0,0.0,-0.4,0
https://www.vlr.gg/532794/envy-vs-qor-challengers-2025-north-america-ace-stage-3-ubf,0,2025-09-01 18:15:00,0.8,3,1.2,10,0.6,3,0.4,5,0.9,6,1.3,10,1.0,5,1.8,5,-0.1,-0.1,-3,-0.4,-1.4,-2
https://www.vlr.gg/532800/tsm-vs-cubert-academy-challengers-2025-north-america-ace-stage-3-lr3,0,2025-09-01 16:00:00,0.8,8,1.1,10,1.0,5,1.8,5,0.8,1,1.0,10,0.8,1,1.2,5,0.0,0.1,7,0.2,0.6,4
https://www.vlr.gg/524941/leviat-n-gc-vs-kr-blaze-game-changers-2025-latam-main-event-ubf,0,2025-09-01 15:00:00,0.9,4,1.6,10,0.8,4,1.6,5,0.8,2,1.1,10,0.6,2,0.4,5,0.1,0.5,2,0.2,1.2,2
https://www.vlr.gg/538424/the-ultimates-vs-d-ti-ulice-challengers-2025-emea-stage-3-group-stage-d1,0,2025-09-01 14:00:00,0.6,0,0.0,10,0.6,0,0.0,5,0.5,0,0.0,10,0.6,0,0.4,5,0.1,0.0,0,0.0,-0.4,0
https://www.vlr.gg/538423/mandatory-vs-bbl-pcific-challengers-2025-emea-stage-3-group-stage-d1,0,2025-09-01 13:00:00,0.6,0,0.2,10,0.6,0,0.0,5,0.7,6,0.8,10,1.0,5,1.8,5,-0.1,-0.6,-6,-0.4,-1.8,-5
https://www.vlr.gg/538422/team-liquid-academy-vs-eintracht-frankfurt-challengers-2025-emea-stage-3-group-stage-d1,0,2025-09-01 11:00:00,0.6,0,0.1,10,0.6,0,-0.2,5,0.8,0,0.8,10,0.6,0,0.0,5,-0.2,-0.7,0,0.0,-0.2,0
https://www.vlr.gg/538425/koi-f-nix-vs-twisted-minds-challengers-2025-emea-stage-3-group-stage-d1,1,2025-09-01 11:00:00,0.8,0,1.1,10,0.8,0,1.6,5,0.9,3,1.6,10,0.8,3,1.6,5,-0.1,-0.5,-3,0.0,0.0,-3
https://www.vlr.gg/530913/g2-esports-vs-nrg-vct-2025-americas-stage-2-gf,0,2025-08-31 17:00:00,0.7,7,0.9,10,1.0,5,1.8,5,0.7,3,0.6,10,0.8,3,1.0,5,0.0,0.3,4,0.2,0.8,2
https://www.vlr.gg/530935/team-liquid-vs-giantx-vct-2025-emea-stage-2-gf,0,2025-08-31 12:00:00,0.7,2,0.7,10,0.8,2,0.8,5,0.7,3,0.7,10,0.8,3,1.2,5,0.0,0.0,-1,0.0,-0.4,-1
https://www.vlr.gg/538583/team-france-vs-team-emea-vct-2025-emea-stage-2-main-event,1,2025-08-31 11:00:00,0.0,0,0.0,0,0.0,0,0.0,0,0.0,0,0.0,0,0.0,0,0.0,0,0.0,0.0,0,0.0,0.0,0
https://www.vlr.gg/538572/all-gamers-vs-wolves-esports-china-evolution-series-act-3-qf,1,2025-08-31 07:50:00,0.4,0,-0.1,10,0.6,0,0.2,5,0.4,1,-0.5,10,0.4,1,-0.6,5,0.0,0.4,-1,0.2,0.8,-1
https://www.vlr.gg/538571/trace-esports-vs-jdg-esports-china-evolution-series-act-3-qf,1,2025-08-31 05:00:00,0.5,0,-0.2,10,0.4,0,-0.6,5,0.3,1,-0.4,10,0.4,1,0.0,5,0.2,0.2,-1,0.0,-0.6,-1
https://www.vlr.gg/530365/paper-rex-vs-rex-regum-qeon-vct-2025-pacific-stage-2-gf,0,2025-08-31 01:50:00,0.7,3,0.9,10,0.8,3,1.2,5,0.7,4,0.3,10,0.8,4,0.8,5,0.0,0.6,-1,0.0,0.4,-1
https://www.vlr.gg/530912/sentinels-vs-nrg-vct-2025-americas-stage-2-lbf,1,2025-08-30 18:00:00,0.8,0,0.8,10,0.8,0,0.8,5,0.7,2,0.6,10,0.8,2,1.0,5,0.1,0.2,-2,0.0,-0.2,-2
https://www.vlr.gg/536985/team-alpha-vs-team-omega-vct-2025-americas-stage-2-override,0,2025-08-30 17:00:00,0.0,0,0.0,0,0.0,0,0.0,0,0.0,0,0.0,0,0.0,0,0.0,0,0.0,0.0,0,0.0,0.0,0
https://www.vlr.gg/530934/bbl-esports-vs-giantx-vct-2025-emea-stage-2-lbf,1,2025-08-30 12:00:00,0.6,0,0.5,10,0.8,0,1.0,5,0.6,2,0.2,10,0.6,2,0.2,5,0.0,0.3,-2,0.2,0.8,-2
https://www.vlr.gg/538570/funplus-phoenix-vs-nova-esports-china-evolution-series-act-3-qf,0,2025-08-30 07:45:00,0.4,0,-0.6,10,0.4,0,-0.6,5,0.4,3,-0.3,10,0.6,3,0.2,5,0.0,-0.3,-3,-0.2,-0.8,-3
https://www.vlr.gg/538569/tyloo-vs-titan-esports-club-china-evolution-series-act-3-qf,1,2025-08-30 05:00:00,0.5,0,0.1,10,0.4,0,-0.4,5,0.3,3,-0.7,10,0.6,3,0.4,5,0.2,0.8,-3,-0.2,-0.8,-3
https://www.vlr.gg/530364/talon-vs-rex-regum-qeon-vct-2025-pacific-stage-2-lf,1,2025-08-30 02:00:00,0.5,0,0.2,10,0.6,0,0.2,5,0.6,0,0.0,10,0.6,0,0.2,5,-0.1,0.2,0,0.0,0.0,0
https://www.vlr.gg/530514/team-world-vs-glory-once-again-vct-2025-pacific-stage-2-main-event,0,2025-08-30 01:00:00,0.0,0,0.0,0,0.0,0,0.0,0,1.0,2,1.5,2,1.0,2,1.5,2,-1.0,-1.5,-2,-1.0,-1.5,-2
https://www.vlr.gg/530911/nrg-vs-cloud9-vct-2025-americas-stage-2-lr3,0,2025-08-29 19:30:00,0.7,1,0.6,10,0.8,1,1.0,5,0.5,1,0.0,10,0.6,1,0.4,5,0.2,0.6,0,0.2,0.6,0
https://www.vlr.gg/530910/sentinels-vs-g2-esports-vct-2025-americas-stage-2-ubf,1,2025-08-29 17:00:00,0.8,6,0.9,10,1.0,5,1.6,5,0.6,6,0.5,10,1.0,5,1.6,5,0.2,0.4,0,0.0,0.0,0
https://www.vlr.gg/530933/giantx-vs-natus-vincere-vct-2025-emea-stage-2-lr3,0,2025-08-29 14:40:00,0.6,1,0.3,10,0.6,1,0.2,5,0.6,2,0.4,10,0.8,2,1.2,5,0.0,-0.1,-1,-0.2,-1.0,-1
https://www.vlr.gg/530932/bbl-esports-vs-team-liquid-vct-2025-emea-stage-2-ubf,1,2025-08-29 11:00:00,0.7,5,0.7,10,1.0,5,1.6,5,0.6,1,0.4,10,0.8,1,1.0,5,0.1,0.3,4,0.2,0.6,4
https://www.vlr.gg/538568/wolves-esports-vs-bilibili-gaming-china-evolution-series-act-3-ro12,0,2025-08-29 06:45:00,0.4,0,-0.4,10,0.2,0,-1.2,5,0.7,2,0.8,10,0.8,2,1.2,5,-0.3,-1.2,-2,-0.6,-2.4,-2
https://www.vlr.gg/538567/jdg-esports-vs-xi-lai-gaming-china-evolution-series-act-3-ro12,1,2025-08-29 05:00:00,0.2,0,-0.7,10,0.2,0,-0.6,5,0.5,0,0.2,10,0.4,0,-0.2,5,-0.3,-0.9,0,-0.2,-0.4,0
https://www.vlr.gg/532798/winthrop-university-vs-tsm-challengers-2025-north-america-ace-stage-3-lr2,1,2025-08-28 19:30:00,0.5,0,-0.1,10,0.4,0,-0.4,5,0.8,1,0.9,10,0.6,1,0.2,5,-0.3,-1.0,-1,-0.2,-0.6,-1
https://www.vlr.gg/538879/ktana-esports-vs-michilovers-challengers-2025-latam-ace-promotion-relegation-decider,1,2025-08-28 18:50:00,0.1,0,-1.6,10,0.2,0,-1.2,5,0.2,1,-1.1,10,0.2,1,-1.0,5,-0.1,-0.5,-1,0.0,-0.2,-1
https://www.vlr.gg/532799/cubert-academy-vs-maryville-university-challengers-2025-north-america-ace-stage-3-lr2,0,2025-08-28 16:00:00,0.7,0,0.7,10,0.8,0,1.2,5,0.7,1,1.0,10,0.6,1,0.6,5,0.0,-0.3,-1,0.2,0.6,-1
https://www.vlr.gg/538886/las-cabras-vs-zen-esports-challengers-2025-latam-ace-promotion-relegation-decider,1,2025-08-28 15:00:00,0.2,0,-1.1,10,0.4,0,-0.4,5,0.1,1,-1.1,10,0.2,1,-0.6,5,0.1,0.0,-1,0.2,0.2,-1
https://www.vlr.gg/538565/nova-esports-vs-edward-gaming-china-evolution-series-act-3-ro12,0,2025-08-28 08:30:00,0.3,2,-0.6,10,0.4,2,-0.2,5,0.5,0,-0.1,10,0.6,0,0.2,5,-0.2,-0.5,2,-0.2,-0.4,2
https://www.vlr.gg/538566/titan-esports-club-vs-dragon-ranger-gaming-china-evolution-series-act-3-ro12,0,2025-08-28 05:00:00,0.3,2,-0.8,10,0.4,2,-0.4,5,0.6,0,0.1,10,0.8,0,0.6,5,-0.3,-0.9,2,-0.4,-1.0,2
https://www.vlr.gg/528186/slt-seongnam-vs-onside-gaming-challengers-2025-korea-wdg-road-to-ascension-lbf,0,2025-08-28 04:00:00,0.5,0,0.1,10,0.4,0,-0.6,5,0.7,2,0.8,10,0.6,2,0.2,5,-0.2,-0.7,-2,-0.2,-0.8,-2
https://www.vlr.gg/538877/fuego-vs-ktana-esports-challengers-2025-latam-ace-promotion-relegation-winners,0,2025-08-27 20:00:00,0.3,2,-0.5,10,0.4,2,-0.4,5,0.1,1,-1.6,10,0.2,1,-1.2,5,0.2,1.1,1,0.2,0.8,1
https://www.vlr.gg/532792/cubert-academy-vs-envy-challengers-2025-north-america-ace-stage-3-ubsf,1,2025-08-27 19:20:00,0.8,7,1.0,10,1.0,5,1.6,5,0.8,2,1.3,10,0.6,2,0.6,5,0.0,-0.3,5,0.4,1.0,3
https://www.vlr.gg/538878/michilovers-vs-rankers-lan-challengers-2025-latam-ace-promotion-relegation-elim,0,2025-08-27 17:25:00,0.1,0,-1.4,10,0.2,0,-1.0,5,0.0,0,-1.0,1,0.0,0,-1.0,1,0.1,-0.4,0,0.2,0.0,0
https://www.vlr.gg/532793/winthrop-university-vs-qor-challengers-2025-north-america-ace-stage-3-ubsf,1,2025-08-27 16:00:00,0.5,2,-0.2,10,0.6,2,0.0,5,0.9,5,1.3,10,1.0,5,1.8,5,-0.4,-1.5,-3,-0.4,-1.8,-3
https://www.vlr.gg/538884/las-cabras-vs-australs-challengers-2025-latam-ace-promotion-relegation-winners,1,2025-08-27 15:00:00,0.2,2,-1.2,10,0.4,2,-0.6,5,0.4,1,0.2,10,0.8,1,1.0,5,-0.2,-1.4,1,-0.4,-1.6,1
https://www.vlr.gg/538885/dolphins-gaming-vs-zen-esports-challengers-2025-latam-ace-promotion-relegation-elim,1,2025-08-27 15:00:00,0.5,0,-0.2,10,0.4,0,-0.8,5,0.1,0,-1.2,10,0.0,0,-1.2,5,0.4,1.0,0,0.4,0.4,0
https://www.vlr.gg/528185/onside-gaming-vs-dplus-esports-challengers-2025-korea-wdg-road-to-ascension-lr1,0,2025-08-27 06:45:00,0.6,1,0.5,10,0.6,1,0.4,5,0.3,0,-0.7,10,0.2,0,-0.8,5,0.3,1.2,1,0.4,1.2,1
https://www.vlr.gg/528184/slt-seongnam-vs-fearx-challengers-2025-korea-wdg-road-to-ascension-ur1,1,2025-08-27 04:00:00,0.6,0,0.4,10,0.6,0,0.2,5,0.6,0,0.3,10,0.4,0,-0.6,5,0.0,0.1,0,0.2,0.8,0
https://www.vlr.gg/524952/myvra-gc-vs-contra-gc-game-changers-2025-latam-main-event-ubsf,0,2025-08-26 22:00:00,0.8,0,1.0,10,0.6,0,0.4,5,0.5,1,-0.2,10,0.4,1,-0.8,5,0.3,1.2,-1,0.2,1.2,-1
https://www.vlr.gg/524951/akave-esports-gc-vs-fusion-x-game-changers-2025-latam-main-event-ubsf,0,2025-08-26 18:00:00,1.0,10,1.9,10,1.0,5,2.0,5,0.6,1,0.3,10,0.4,1,-0.6,5,0.4,1.6,9,0.6,2.6,4
https://www.vlr.gg/532797/maryville-university-vs-nightblood-gaming-challengers-2025-north-america-ace-stage-3-lr1,0,2025-08-26 18:00:00,0.7,0,1.1,10,0.6,0,0.8,5,0.6,0,0.4,10,0.6,0,0.4,5,0.1,0.7,0,0.0,0.4,0
https://www.vlr.gg/532796/box-of-rocketz-vs-tsm-challengers-2025-north-america-ace-stage-3-lr1,1,2025-08-26 16:00:00,0.7,5,0.5,10,1.0,5,1.8,5,0.8,0,0.9,10,0.6,0,0.2,5,-0.1,-0.4,5,0.4,1.6,5
https://www.vlr.gg/536788/hge-esport-vs-otakar-esports-challengers-2025-spain-rising-promotion-lbf,1,2025-08-26 14:15:00,0.4,0,-0.4,10,0.0,0,-1.8,5,0.7,2,0.5,10,0.6,2,0.2,5,-0.3,-0.9,-2,-0.6,-2.0,-2
https://www.vlr.gg/536787/suzaku-esports-vs-otakar-esports-challengers-2025-spain-rising-promotion-lr2,1,2025-08-26 12:00:00,0.7,1,0.9,10,0.8,1,1.2,5,0.7,2,0.5,10,0.6,2,0.2,5,0.0,0.4,-1,0.2,1.0,-1
https://www.vlr.gg/521245/naos-vs-team-nkt-challengers-2025-southeast-asia-split-3-ubsf,0,2025-08-26 08:40:00,0.8,3,0.9,10,0.8,3,1.0,5,0.8,1,0.9,10,0.8,1,0.6,5,0.0,0.0,2,0.0,0.4,2
https://www.vlr.gg/521244/motiv-esports-vs-full-sense-challengers-2025-southeast-asia-split-3-ubsf,0,2025-08-26 07:00:00,0.7,1,0.8,10,0.6,1,0.4,5,0.6,3,0.2,10,0.6,3,0.4,5,0.1,0.6,-2,0.0,0.0,-2
https://www.vlr.gg/524940/university-war-gc-vs-kr-blaze-game-changers-2025-latam-main-event-ubsf,1,2025-08-25 18:00:00,0.7,0,0.8,10,0.6,0,0.4,5,0.8,1,1.1,10,0.6,1,0.2,5,-0.1,-0.3,-1,0.0,0.2,-1
https://www.vlr.gg/524939/leviat-n-gc-vs-zen-esports-gc-game-changers-2025-latam-main-event-ubsf,0,2025-08-25 15:00:00,0.8,3,1.2,10,0.8,3,1.6,5,0.6,1,0.1,10,0.6,1,-0.2,5,0.2,1.1,2,0.2,1.8,2
https://www.vlr.gg/536784/kpi-gaming-vs-hge-esport-challengers-2025-spain-rising-promotion-ubf,0,2025-08-25 15:00:00,0.2,0,-0.7,10,0.2,0,-1.0,5,0.5,0,-0.2,10,0.0,0,-2.0,5,-0.3,-0.5,0,0.2,1.0,0
https://www.vlr.gg/536785/questionmarks-vs-suzaku-esports-challengers-2025-spain-rising-promotion-lr1,1,2025-08-25 12:00:00,0.7,2,0.8,10,0.6,2,0.6,5,0.7,0,0.8,10,0.8,0,1.2,5,0.0,0.0,2,-0.2,-0.6,2
https://www.vlr.gg/536786/otakar-esports-vs-ex-dimonix-esports-challengers-2025-spain-rising-promotion-lr1,0,2025-08-25 12:00:00,0.7,0,0.7,10,0.6,0,0.2,5,0.333,0,0.0,3,0.333,0,0.0,3,0.367,0.7,0,0.267,0.2,0
https://www.vlr.gg/521243/team-nkt-vs-sharper-esport-challengers-2025-southeast-asia-split-3-ko,0,2025-08-25 10:10:00,0.8,0,1.0,10,0.8,0,0.8,5,0.5,1,-0.2,10,0.4,1,-0.6,5,0.3,1.2,-1,0.4,1.4,-1
https://www.vlr.gg/521242/full-sense-vs-z11-challengers-2025-southeast-asia-split-3-ko,0,2025-08-25 07:00:00,0.6,2,0.3,10,0.6,2,0.6,5,0.3,0,-0.7,10,0.2,0,-1.0,5,0.3,1.0,2,0.4,1.6,2
https://www.vlr.gg/530909/cloud9-vs-100-thieves-vct-2025-americas-stage-2-lr2,0,2025-08-24 18:50:00,0.5,0,-0.1,10,0.4,0,-0.4,5,0.5,1,0.1,10,0.4,1,-0.4,5,0.0,-0.2,-1,0.0,0.0,-1
https://www.vlr.gg/530908/nrg-vs-leviat-n-vct-2025-americas-stage-2-lr2,0,2025-08-24 17:00:00,0.7,0,0.6,10,0.8,0,1.0,5,0.7,1,0.6,10,0.6,1,0.2,5,0.0,0.0,-1,0.2,0.8,-1
https://www.vlr.gg/530931/team-heretics-vs-natus-vincere-vct-2025-emea-stage-2-lr2,1,2025-08-24 13:25:00,0.9,0,1.2,10,0.8,0,1.0,5,0.5,1,0.0,10,0.6,1,0.6,5,0.4,1.2,-1,0.2,0.4,-1
https://www.vlr.gg/530930/giantx-vs-fnatic-vct-2025-emea-stage-2-lr2,0,2025-08-24 11:00:00,0.5,0,0.0,10,0.4,0,-0.4,5,0.7,1,0.6,10,0.6,1,0.2,5,-0.2,-0.6,-1,-0.2,-0.6,-1
https://www.vlr.gg/527582/dragon-ranger-gaming-vs-bilibili-gaming-vct-2025-china-stage-2-gf,1,2025-08-24 05:00:00,0.6,4,0.2,10,0.8,4,0.8,5,0.6,1,0.5,10,0.6,1,0.6,5,0.0,-0.3,3,0.2,0.2,3
https://www.vlr.gg/524997/riddle-order-vs-fennel-challengers-league-2025-japan-finals-gf,0,2025-08-24 01:00:00,0.6,2,0.6,10,0.6,2,0.6,5,0.8,1,1.2,10,0.8,1,1.2,5,-0.2,-0.6,1,-0.2,-0.6,1
https://www.vlr.gg/530905/100-thieves-vs-evil-geniuses-vct-2025-americas-stage-2-lr1,0,2025-08-23 20:25:00,0.4,0,-0.3,10,0.4,0,-0.4,5,0.4,1,-0.2,10,0.4,1,-0.4,5,0.0,-0.1,-1,0.0,0.0,-1
https://www.vlr.gg/530904/leviat-n-vs-kr-esports-vct-2025-americas-stage-2-lr1,0,2025-08-23 17:00:00,0.6,0,0.4,10,0.6,0,0.4,5,0.4,0,-0.3,10,0.4,0,-0.4,5,0.2,0.7,0,0.2,0.8,0
https://www.vlr.gg/530927/natus-vincere-vs-team-vitality-vct-2025-emea-stage-2-lr1,0,2025-08-23 14:55:00,0.5,0,-0.1,10,0.4,0,-0.2,5,0.3,1,-0.8,10,0.4,1,-0.4,5,0.2,0.7,-1,0.0,0.2,-1
https://www.vlr.gg/530926/fnatic-vs-karmine-corp-vct-2025-emea-stage-2-lr1,0,2025-08-23 11:00:00,0.7,0,0.7,10,0.6,0,0.4,5,0.6,1,0.0,10,0.6,1,0.0,5,0.1,0.7,-1,0.0,0.4,-1
https://www.vlr.gg/527588/bilibili-gaming-vs-edward-gaming-vct-2025-china-stage-2-lbf,1,2025-08-23 05:00:00,0.6,0,0.5,10,0.6,0,0.6,5,0.6,3,0.2,10,0.6,3,0.2,5,0.0,0.3,-3,0.0,0.4,-3
https://www.vlr.gg/524999/fennel-vs-noez-foxx-challengers-league-2025-japan-finals-lbf,0,2025-08-23 00:00:00,0.7,0,0.7,10,0.8,0,1.2,5,0.6,1,0.2,10,0.6,1,0.2,5,0.1,0.5,-1,0.2,1.0,-1
https://www.vlr.gg/530907/nrg-vs-g2-esports-vct-2025-americas-stage-2-ubsf,1,2025-08-22 20:35:00,0.8,4,0.9,10,0.8,4,0.8,5,0.6,5,0.5,10,1.0,5,1.8,5,0.2,0.4,-1,-0.2,-1.0,-1
https://www.vlr.gg/530906/sentinels-vs-cloud9-vct-2025-americas-stage-2-ubsf,0,2025-08-22 17:00:00,0.7,5,0.7,10,1.0,5,1.6,5,0.6,1,0.2,10,0.6,1,0.2,5,0.1,0.5,4,0.4,1.4,4
https://www.vlr.gg/530929/team-liquid-vs-giantx-vct-2025-emea-stage-2-ubsf,0,2025-08-22 13:20:00,0.5,0,0.1,10,0.8,0,1.0,5,0.6,1,0.3,10,0.6,1,0.0,5,-0.1,-0.2,-1,0.2,1.0,-1
https://www.vlr.gg/530928/team-heretics-vs-bbl-esports-vct-2025-emea-stage-2-ubsf,1,2025-08-22 11:00:00,1.0,10,1.5,10,1.0,5,1.6,5,0.7,4,0.7,10,0.8,4,1.0,5,0.3,0.8,6,0.2,0.6,1
https://www.vlr.gg/527587/edward-gaming-vs-xi-lai-gaming-vct-2025-china-stage-2-lr3,0,2025-08-22 08:40:00,0.5,2,-0.1,10,0.6,2,0.0,5,0.5,1,0.2,10,0.6,1,0.6,5,0.0,-0.3,1,0.0,-0.6,1
https://www.vlr.gg/527581/dragon-ranger-gaming-vs-bilibili-gaming-vct-2025-china-stage-2-ubf,0,2025-08-22 05:00:00,0.6,3,0.2,10,0.6,3,0.4,5,0.6,2,0.4,10,0.8,2,1.0,5,0.0,-0.2,1,-0.2,-0.6,1
https://www.vlr.gg/528179/t1-academy-vs-slt-seongnam-challengers-2025-korea-wdg-stage-3-gf,0,2025-08-22 05:00:00,0.8,4,0.8,10,0.8,4,1.0,5,0.6,1,0.6,10,0.8,1,1.2,5,0.2,0.2,3,0.0,-0.2,3
https://www.vlr.gg/530903/g2-esports-vs-100-thieves-vct-2025-americas-stage-2-ur1,0,2025-08-21 20:45:00,0.6,4,0.5,10,0.8,4,1.2,5,0.5,0,0.1,10,0.6,0,0.4,5,0.1,0.4,4,0.2,0.8,4
https://www.vlr.gg/530902/leviat-n-vs-cloud9-vct-2025-americas-stage-2-ur1,1,2025-08-21 17:00:00,0.6,2,0.4,10,0.6,2,0.4,5,0.5,0,-0.1,10,0.6,0,0.4,5,0.1,0.5,2,0.0,0.0,2
https://www.vlr.gg/530925/giantx-vs-natus-vincere-vct-2025-emea-stage-2-ur1,0,2025-08-21 14:15:00,0.5,0,0.1,10,0.6,0,0.2,5,0.6,2,0.2,10,0.6,2,0.2,5,-0.1,-0.1,-2,0.0,0.0,-2
https://www.vlr.gg/530924/fnatic-vs-bbl-esports-vct-2025-emea-stage-2-ur1,1,2025-08-21 11:00:00,0.8,1,0.9,10,0.8,1,0.8,5,0.7,3,0.8,10,0.6,3,0.6,5,0.1,0.1,-2,0.2,0.2,-2
https://www.vlr.gg/521240/team-nkt-vs-full-sense-challengers-2025-southeast-asia-split-3-w5,1,2025-08-21 10:35:00,0.9,4,1.4,10,0.8,4,1.0,5,0.6,1,0.3,10,0.4,1,0.0,5,0.3,1.1,3,0.4,1.0,3
https://www.vlr.gg/527586/xi-lai-gaming-vs-all-gamers-vct-2025-china-stage-2-lr2,0,2025-08-21 07:10:00,0.4,0,-0.1,10,0.6,0,0.8,5,0.4,1,-0.2,10,0.6,1,0.2,5,0.0,0.1,-1,0.0,0.6,-1
https://www.vlr.gg/521239/fancy-united-esports-vs-sharper-esport-challengers-2025-southeast-asia-split-3-w5,1,2025-08-21 07:00:00,0.8,1,0.9,10,0.6,1,0.0,5,0.5,0,-0.2,10,0.2,0,-1.2,5,0.3,1.1,1,0.4,1.2,1
https://www.vlr.gg/527585/tyloo-vs-edward-gaming-vct-2025-china-stage-2-lr2,1,2025-08-21 05:00:00,0.6,0,0.4,10,0.6,0,0.4,5,0.5,1,-0.1,10,0.6,1,0.0,5,0.1,0.5,-1,0.0,0.4,-1
https://www.vlr.gg/533520/paintress-vs-stellae-gaming-gc-game-changers-2025-brazil-last-chance-qualifier-lbf,1,2025-08-20 18:45:00,0.833,2,1.333,6,0.8,2,1.2,5,0.3,1,-0.8,10,0.6,1,0.0,5,0.533,2.133,1,0.2,1.2,1
https://www.vlr.gg/532791/qor-vs-nightblood-gaming-challengers-2025-north-america-ace-stage-3-ubqf,0,2025-08-20 18:30:00,0.9,4,1.3,10,0.8,4,1.0,5,0.7,2,0.6,10,0.6,2,0.4,5,0.2,0.7,2,0.2,0.6,2
https://www.vlr.gg/532788/cubert-academy-vs-box-of-rocketz-challengers-2025-north-america-ace-stage-3-ubqf,0,2025-08-20 16:00:00,0.6,4,0.3,10,0.8,4,0.8,5,0.6,1,0.2,10,0.4,1,-0.8,5,0.0,0.1,3,0.4,1.6,3
https://www.vlr.gg/533515/tbs-esports-gc-vs-n-o-estamos-aqui-game-changers-2025-brazil-last-chance-qualifier-ubf,0,2025-08-20 16:00:00,0.6,2,0.4,10,0.4,2,0.0,5,1.0,5,2.0,5,1.0,5,2.0,5,-0.4,-1.6,-3,-0.6,-2.0,-3
https://www.vlr.gg/524704/koi-f-nix-vs-dnsty-challengers-2025-spain-rising-finals-playoffs-gf,1,2025-08-20 13:00:00,0.8,7,1.0,10,1.0,5,2.0,5,0.6,1,0.8,10,0.8,1,1.2,5,0.2,0.2,6,0.2,0.8,4
https://www.vlr.gg/531980/the-ultimates-vs-twisted-minds-challengers-2025-mena-resilience-lan-finals-gf,1,2025-08-20 12:00:00,0.7,2,0.5,10,0.8,2,0.8,5,0.9,2,1.4,10,0.8,2,1.4,5,-0.2,-0.9,0,0.0,-0.6,0
https://www.vlr.gg/521238/oasis-gaming-vs-talon-academy-challengers-2025-southeast-asia-split-3-w5,0,2025-08-20 08:50:00,0.7,1,0.4,10,0.6,1,0.2,5,0.4,0,-0.5,10,0.4,0,-0.4,5,0.3,0.9,1,0.2,0.6,1
https://www.vlr.gg/527579/xi-lai-gaming-vs-dragon-ranger-gaming-vct-2025-china-stage-2-ubsf,1,2025-08-20 08:20:00,0.4,0,-0.1,10,0.6,0,0.8,5,0.5,2,0.0,10,0.6,2,0.4,5,-0.1,-0.1,-2,0.0,0.4,-2
https://www.vlr.gg/521237/xipto-esports-vs-naos-challengers-2025-southeast-asia-split-3-w5,1,2025-08-20 07:00:00,0.7,0,0.8,10,0.6,0,0.6,5,0.8,2,0.9,10,0.6,2,0.2,5,-0.1,-0.1,-2,0.0,0.4,-2
https://www.vlr.gg/527580/bilibili-gaming-vs-tyloo-vct-2025-china-stage-2-ubsf,1,2025-08-20 05:00:00,0.6,1,0.5,10,0.6,1,0.6,5,0.6,2,0.4,10,0.8,2,1.0,5,0.0,0.1,-1,-0.2,-0.4,-1
https://www.vlr.gg/528183/slt-seongnam-vs-fearx-challengers-2025-korea-wdg-stage-3-lbf,0,2025-08-20 04:00:00,0.6,0,0.6,10,0.6,0,0.6,5,0.7,2,0.7,10,0.6,2,0.2,5,-0.1,-0.1,-2,0.0,0.4,-2
https://www.vlr.gg/524950/contra-gc-vs-legiowon-game-changers-2025-latam-main-event-ko,0,2025-08-19 21:15:00,0.4,0,-0.6,10,0.4,0,-0.8,5,0.4,1,-0.4,10,0.2,1,-1.2,5,0.0,-0.2,-1,0.2,0.4,-1
https://www.vlr.gg/532789/envy-vs-tsm-challengers-2025-north-america-ace-stage-3-ubqf,0,2025-08-19 19:10:00,0.8,1,1.2,10,0.6,1,0.6,5,0.9,8,1.2,10,1.0,5,1.4,5,-0.1,0.0,-7,-0.4,-0.8,-4
https://www.vlr.gg/524949/fusion-x-vs-no-sweat-blossom-game-changers-2025-latam-main-event-ko,0,2025-08-19 18:00:00,0.6,0,0.4,10,0.4,0,-0.4,5,0.3,1,-0.8,10,0.4,1,-0.6,5,0.3,1.2,-1,0.0,0.2,-1
https://www.vlr.gg/532790/maryville-university-vs-winthrop-university-challengers-2025-north-america-ace-stage-3-ubqf,1,2025-08-19 16:00:00,0.8,2,1.4,10,0.6,2,0.8,5,0.4,1,-0.4,10,0.6,1,0.2,5,0.4,1.8,1,0.0,0.6,1
https://www.vlr.gg/531978/gamax-esports-vs-twisted-minds-challengers-2025-mena-resilience-lan-finals-lbf,1,2025-08-19 14:40:00,0.5,0,0.2,10,0.4,0,-0.6,5,0.9,1,1.4,10,0.8,1,1.2,5,-0.4,-1.2,-1,-0.4,-1.8,-1
https://www.vlr.gg/531971/gamax-esports-vs-the-ultimates-challengers-2025-mena-resilience-lan-finals-ubf,1,2025-08-19 12:00:00,0.5,0,0.2,10,0.4,0,-0.6,5,0.6,1,0.2,10,0.6,1,0.2,5,-0.1,0.0,-1,-0.2,-0.8,-1
https://www.vlr.gg/521236/team-nkt-vs-rrq-academy-challengers-2025-southeast-asia-split-3-w5,0,2025-08-19 09:50:00,0.9,3,1.5,10,0.8,3,1.0,5,0.6,1,0.4,10,0.4,1,-0.4,5,0.3,1.1,2,0.4,1.4,2
https://www.vlr.gg/521235/fancy-united-esports-vs-team-secret-academy-challengers-2025-southeast-asia-split-3-w5,0,2025-08-19 07:00:00,0.8,0,1.0,10,0.6,0,0.0,5,0.6,2,0.0,10,0.4,2,-0.6,5,0.2,1.0,-2,0.2,0.6,-2
https://www.vlr.gg/528182/drx-academy-vs-fearx-challengers-2025-korea-wdg-stage-3-lr2,1,2025-08-19 06:25:00,0.5,1,-0.1,10,0.6,1,0.0,5,0.7,1,0.8,10,0.4,1,-0.6,5,-0.2,-0.9,0,0.2,0.6,0
https://www.vlr.gg/528178/slt-seongnam-vs-t1-academy-challengers-2025-korea-wdg-stage-3-ubf,1,2025-08-19 04:00:00,0.6,3,0.5,10,0.8,3,1.4,5,0.8,3,0.7,10,0.8,3,1.0,5,-0.2,-0.2,0,0.0,0.4,0
https://www.vlr.gg/531579/teevee-vs-equinox-game-changers-2025-north-america-stage-2-r4-1-2,1,2025-08-18 20:15:00,0.5,1,-0.1,10,0.2,1,-0.8,5,0.75,0,0.875,8,0.6,0,0.2,5,-0.25,-0.975,1,-0.4,-1.0,1
https://www.vlr.gg/531582/wadadaa-vs-mak-n-cheese-game-changers-2025-north-america-stage-2-r4-2-1,0,2025-08-18 20:15:00,0.7,0,0.8,10,0.6,0,0.4,5,0.875,1,0.875,8,0.8,1,0.8,5,-0.175,-0.075,-1,-0.2,-0.4,-1
https://www.vlr.gg/531578/vs-alliance-angels-game-changers-2025-north-america-stage-2-r4-0-3,0,2025-08-18 19:30:00,0.5,0,0.0,10,0.4,0,-0.6,5,0.5,0,0.1,10,0.4,0,-0.2,5,0.0,-0.1,0,0.0,-0.4,0
https://www.vlr.gg/531575/ydz-black-vs-hakikimori-gc-game-changers-2025-north-america-stage-2-r4-1-2,1,2025-08-18 18:55:00,0.6,1,0.5,10,0.4,1,-0.2,5,0.6,0,0.7,10,0.6,0,0.4,5,0.0,-0.2,1,-0.2,-0.6,1
https://www.vlr.gg/533514/n-o-estamos-aqui-vs-peipei-rex-game-changers-2025-brazil-last-chance-qualifier-ubsf,0,2025-08-18 18:35:00,1.0,4,2.0,4,1.0,4,2.0,4,0.714,4,0.857,7,0.8,4,1.0,5,0.286,1.143,0,0.2,1.0,0
https://www.vlr.gg/524938/kr-blaze-vs-gold-evictix-game-changers-2025-latam-main-event-ko,0,2025-08-18 18:30:00,0.7,0,0.7,10,0.6,0,0.2,5,0.4,1,-0.4,10,0.4,1,-0.4,5,0.3,1.1,-1,0.2,0.6,-1
https://www.vlr.gg/531574/flyquest-red-vs-ghost-gaming-game-changers-2025-north-america-stage-2-r4-2-1,1,2025-08-18 18:00:00,0.4,2,-0.3,10,0.4,2,0.0,5,0.6,0,0.1,10,0.6,0,-0.2,5,-0.2,-0.4,2,-0.2,0.2,2
https://www.vlr.gg/531573/shopify-rebellion-gold-vs-100-thieves-gc-game-changers-2025-north-america-stage-2-r4-3-0,0,2025-08-18 17:00:00,0.7,0,0.8,10,0.8,0,1.2,5,0.4,3,-0.4,10,0.8,3,0.8,5,0.3,1.2,-3,0.0,0.4,-3
https://www.vlr.gg/531576/artificial-intelligence-vs-tenax-gc-game-changers-2025-north-america-stage-2-r4-1-2,1,2025-08-18 17:00:00,0.7,0,0.4,10,0.6,0,0.0,5,0.6,0,0.2,10,0.4,0,-0.6,5,0.1,0.2,0,0.2,0.6,0
https://www.vlr.gg/531581/yfp-x-vs-3-game-changers-2025-north-america-stage-2-r4-2-1,0,2025-08-18 17:00:00,0.5,1,0.2,10,0.4,1,-0.2,5,0.5,2,0.0,10,0.6,2,0.0,5,0.0,0.2,-1,-0.2,-0.2,-1
https://www.vlr.gg/531976/twisted-minds-vs-team-raad-challengers-2025-mena-resilience-lan-finals-lr1,0,2025-08-18 17:00:00,0.8,0,1.2,10,0.8,0,1.2,5,0.8,0,0.9,10,0.8,0,1.2,5,0.0,0.3,0,0.0,0.0,0
https://www.vlr.gg/533508/tbs-gc-vs-franquia-2025-game-changers-2025-brazil-last-chance-qualifier-ubqf,0,2025-08-18 16:00:00,0.6,1,0.4,10,0.4,1,0.0,5,0.75,1,0.75,4,0.75,1,0.75,4,-0.15,-0.35,0,-0.35,-0.75,0
https://www.vlr.gg/524937/zen-esports-gc-vs-las-cabras-gc-game-changers-2025-latam-main-event-ko,0,2025-08-18 15:00:00,0.6,0,0.2,10,0.4,0,-0.8,5,0.3,1,-0.9,10,0.4,1,-0.6,5,0.3,1.1,-1,0.0,-0.2,-1
https://www.vlr.gg/521724/twisted-minds-vs-gamax-esports-challengers-2025-mena-resilience-lan-finals-ubsf,1,2025-08-18 12:00:00,0.9,9,1.5,10,1.0,5,1.8,5,0.6,0,0.6,10,0.4,0,0.0,5,0.3,0.9,9,0.6,1.8,5
https://www.vlr.gg/521725/team-raad-vs-the-ultimates-challengers-2025-mena-resilience-lan-finals-ubsf,1,2025-08-18 12:00:00,0.8,0,0.8,10,0.8,0,1.0,5,0.6,0,0.3,10,0.6,0,0.0,5,0.2,0.5,0,0.2,1.0,0
https://www.vlr.gg/521234/xipto-esports-vs-motiv-esports-challengers-2025-southeast-asia-split-3-w5,1,2025-08-18 09:10:00,0.8,0,1.0,10,0.8,0,1.2,5,0.7,0,0.9,10,0.6,0,0.6,5,0.1,0.1,0,0.2,0.6,0
https://www.vlr.gg/528181/fearx-vs-gen-g-global-academy-challengers-2025-korea-wdg-stage-3-lr1,0,2025-08-18 07:30:00,0.7,0,0.8,10,0.4,0,-0.4,5,0.3,0,-0.6,10,0.2,0,-1.0,5,0.4,1.4,0,0.2,0.6,0
https://www.vlr.gg/521233/oasis-gaming-vs-z11-challengers-2025-southeast-asia-split-3-w5,0,2025-08-18 07:00:00,0.7,0,0.4,10,0.6,0,-0.2,5,0.3,1,-0.7,10,0.2,1,-1.0,5,0.4,1.1,-1,0.4,0.8,-1
https://www.vlr.gg/528180/onside-gaming-vs-drx-academy-challengers-2025-korea-wdg-stage-3-lr1,1,2025-08-18 04:00:00,0.6,0,0.4,10,0.8,0,1.2,5,0.4,0,-0.3,10,0.6,0,0.0,5,0.2,0.7,0,0.2,1.2,0
https://www.vlr.gg/509831/mibr-vs-loud-vct-2025-americas-stage-2-w5,0,2025-08-17 19:30:00,0.2,0,-1.1,10,0.2,0,-1.0,5,0.1,0,-1.1,10,0.2,0,-0.8,5,0.1,0.0,0,0.0,-0.2,0
https://www.vlr.gg/509830/g2-esports-vs-cloud9-vct-2025-americas-stage-2-w5,0,2025-08-17 17:00:00,0.5,3,0.1,10,0.6,3,0.6,5,0.5,1,-0.1,10,0.6,1,0.4,5,0.0,0.2,2,0.0,0.2,2
https://www.vlr.gg/521599/enterprise-esports-vs-team-liquid-academy-challengers-2025-north-east-samsung-odyssey-split-3-g,0,2025-08-17 10:00:00,0.8,5,0.9,10,1.0,5,1.2,5,0.7,3,0.5,10,0.8,3,0.6,5,0.1,0.4,2,0.2,0.6,2
https://www.vlr.gg/511227/bbl-pcific-vs-ulf-esports-challengers-2025-t-rkiye-birlik-split-3-gf,0,2025-08-17 09:30:00,0.7,5,0.7,10,1.0,5,1.6,5,0.7,1,0.9,10,0.6,1,0.8,5,0.0,-0.2,4,0.4,0.8,4
https://www.vlr.gg/530363/t1-vs-rex-regum-qeon-vct-2025-pacific-stage-2-lr3,1,2025-08-17 06:00:00,0.6,1,0.3,10,0.6,1,0.2,5,0.5,2,-0.3,10,0.6,2,0.2,5,0.1,0.6,-1,0.0,0.0,-1
https://www.vlr.gg/530362/talon-vs-paper-rex-vct-2025-pacific-stage-2-ubf,1,2025-08-17 04:00:00,0.5,2,0.3,10,0.6,2,0.4,5,0.7,2,0.9,10,0.8,2,1.2,5,-0.2,-0.6,0,-0.2,-0.8,0
https://www.vlr.gg/509829/2game-esports-vs-sentinels-vct-2025-americas-stage-2-w5,1,2025-08-16 19:20:00,0.3,0,-0.8,10,0.2,0,-1.0,5,0.6,4,0.4,10,0.8,4,1.0,5,-0.3,-1.2,-4,-0.6,-2.0,-4
https://www.vlr.gg/509827/furia-vs-evil-geniuses-vct-2025-americas-stage-2-w5,1,2025-08-16 17:00:00,0.2,0,-1.2,10,0.0,0,-1.8,5,0.4,0,-0.3,10,0.2,0,-1.0,5,-0.2,-0.9,0,-0.2,-0.8,0
https://www.vlr.gg/524280/joblife-vs-mandatory-challengers-2025-france-revolution-split-3-gf,0,2025-08-16 11:00:00,0.5,3,0.4,10,0.8,3,1.4,5,0.7,3,0.6,10,0.6,3,0.4,5,-0.2,-0.2,0,0.2,1.0,0
https://www.vlr.gg/521605/d-ti-ulice-vs-team-liquid-academy-challengers-2025-north-east-samsung-odyssey-split-3-lbf,1,2025-08-16 10:00:00,0.6,0,0.2,10,0.6,0,0.4,5,0.7,2,0.5,10,0.8,2,0.6,5,-0.1,-0.3,-2,-0.2,-0.2,-2
https://www.vlr.gg/528307/eintracht-frankfurt-vs-mouz-challengers-2025-dach-evolution-split-3-gf,1,2025-08-16 09:00:00,0.9,3,1.3,10,0.8,3,1.0,5,0.8,6,1.1,10,1.0,5,2.0,5,0.1,0.2,-3,-0.2,-1.0,-2
https://www.vlr.gg/530361/drx-vs-rex-regum-qeon-vct-2025-pacific-stage-2-lr2,1,2025-08-16 06:05:00,0.5,0,-0.1,10,0.8,0,1.2,5,0.5,1,-0.4,10,0.6,1,0.0,5,0.0,0.3,-1,0.2,1.2,-1
https://www.vlr.gg/530360/t1-vs-nongshim-redforce-vct-2025-pacific-stage-2-lr2,0,2025-08-16 04:00:00,0.5,0,0.0,10,0.6,0,0.2,5,0.5,1,0.2,10,0.6,1,0.6,5,0.0,-0.2,-1,0.0,-0.4,-1
https://www.vlr.gg/509826/100-thieves-vs-leviat-n-vct-2025-americas-stage-2-w5,1,2025-08-15 20:05:00,0.6,1,0.4,10,0.6,1,0.4,5,0.5,1,0.1,10,0.6,1,0.4,5,0.1,0.3,0,0.0,0.0,0
https://www.vlr.gg/509825/kr-esports-vs-nrg-vct-2025-americas-stage-2-w5,1,2025-08-15 17:00:00,0.4,0,-0.4,10,0.4,0,-0.4,5,0.8,3,1.0,10,0.6,3,0.2,5,-0.4,-1.4,-3,-0.2,-0.6,-3
https://www.vlr.gg/511581/team-liquid-vs-karmine-corp-vct-2025-emea-stage-2-w5,1,2025-08-15 13:30:00,0.6,4,0.4,10,0.8,4,1.0,5,0.6,0,0.1,10,0.4,0,-0.6,5,0.0,0.3,4,0.4,1.6,4
https://www.vlr.gg/528306/mouz-vs-alternate-attax-challengers-2025-dach-evolution-split-3-sf,0,2025-08-15 12:30:00,0.8,5,1.1,10,1.0,5,1.8,5,0.5,2,0.1,10,0.6,2,0.2,5,0.3,1.0,3,0.4,1.6,3
https://www.vlr.gg/511580/fut-esports-vs-bbl-esports-vct-2025-emea-stage-2-w5,1,2025-08-15 11:00:00,0.5,0,-0.1,10,0.4,0,-0.8,5,0.6,2,0.5,10,0.4,2,-0.2,5,-0.1,-0.6,-2,0.0,-0.6,-2
https://www.vlr.gg/528305/eintracht-frankfurt-vs-fokus-challengers-2025-dach-evolution-split-3-sf,0,2025-08-15 09:00:00,0.8,2,0.9,10,0.8,2,1.0,5,0.5,1,0.2,10,0.6,1,0.4,5,0.3,0.7,1,0.2,0.6,1
https://www.vlr.gg/530359/rex-regum-qeon-vs-gen-g-vct-2025-pacific-stage-2-lr1,0,2025-08-15 06:05:00,0.4,0,-0.6,10,0.6,0,0.0,5,0.6,0,0.5,10,0.6,0,0.4,5,-0.2,-1.1,0,0.0,-0.4,0
https://www.vlr.gg/530358/nongshim-redforce-vs-detonation-focusme-vct-2025-pacific-stage-2-lr1,0,2025-08-15 04:00:00,0.4,0,-0.1,10,0.4,0,0.0,5,0.3,0,-0.9,10,0.6,0,0.0,5,0.1,0.8,0,-0.2,0.0,0
https://www.vlr.gg/532043/nightblood-gaming-vs-yfp-challengers-2025-north-america-ace-stage-3-r7,0,2025-08-14 18:15:00,0.6,1,0.2,10,0.6,1,0.2,5,0.5,1,-0.2,10,0.4,1,-0.6,5,0.1,0.4,0,0.2,0.8,0
https://www.vlr.gg/518750/stellae-gaming-vs-team-solid-challengers-2025-brazil-gamers-club-split-2-gf,0,2025-08-14 16:00:00,0.8,7,1.1,10,1.0,5,2.0,5,0.8,1,0.7,10,0.8,1,0.8,5,0.0,0.4,6,0.2,1.2,4
https://www.vlr.gg/532041/blue-otter-vs-winthrop-university-challengers-2025-north-america-ace-stage-3-r7,1,2025-08-14 16:00:00,0.7,1,0.9,10,0.6,1,0.4,5,0.4,0,-0.4,10,0.4,0,-0.6,5,0.3,1.3,1,0.2,1.0,1
https://www.vlr.gg/532042/legacy-kingdom-vs-landor-challengers-2025-north-america-ace-stage-3-r7,1,2025-08-14 16:00:00,0.8,0,1.1,10,0.8,0,1.0,5,0.5,0,0.0,10,0.4,0,-0.8,5,0.3,1.1,0,0.4,1.8,0
https://www.vlr.gg/525811/leviat-n-academy-vs-shinden-challengers-2025-latam-south-ace-stage-2-playoffs-gf,0,2025-08-14 15:00:00,0.9,9,1.5,10,1.0,5,1.8,5,0.6,2,0.4,10,0.6,2,0.6,5,0.3,1.1,7,0.4,1.2,3
https://www.vlr.gg/511579/gentle-mates-vs-team-vitality-vct-2025-emea-stage-2-w5,1,2025-08-14 13:05:00,0.4,0,-0.2,10,0.2,0,-0.6,5,0.3,0,-0.7,10,0.2,0,-0.8,5,0.1,0.5,0,0.0,0.2,0
https://www.vlr.gg/511577/giantx-vs-team-heretics-vct-2025-emea-stage-2-w5,1,2025-08-14 11:00:00,0.5,1,0.2,10,0.6,1,0.2,5,0.9,9,1.2,10,1.0,5,1.4,5,-0.4,-1.0,-8,-0.4,-1.2,-4
https://www.vlr.gg/530357/paper-rex-vs-t1-vct-2025-pacific-stage-2-ubsf,0,2025-08-14 07:10:00,0.7,1,0.8,10,0.8,1,1.2,5,0.5,2,0.1,10,0.8,2,1.0,5,0.2,0.7,-1,0.0,0.2,-1
https://www.vlr.gg/530356/drx-vs-talon-vct-2025-pacific-stage-2-ubsf,1,2025-08-14 04:00:00,0.6,4,0.2,10,0.8,4,1.0,5,0.4,1,0.0,10,0.6,1,0.6,5,0.2,0.2,3,0.2,0.4,3
https://www.vlr.gg/528563/winthrop-university-vs-envy-challengers-2025-north-america-ace-stage-3-r6,1,2025-08-13 19:00:00,0.5,0,0.1,10,0.6,0,0.2,5,0.8,0,1.2,10,0.6,0,0.6,5,-0.3,-1.1,0,0.0,-0.4,0
https://www.vlr.gg/525801/six-karma-vs-e-xolos-lazer-challengers-2025-latam-north-ace-stage-2-gf,1,2025-08-13 18:00:00,0.8,4,1.1,10,0.8,4,1.0,5,0.9,1,1.6,10,0.8,1,1.4,5,-0.1,-0.5,3,0.0,-0.4,3
https://www.vlr.gg/518754/red-canids-vs-team-solid-challengers-2025-brazil-gamers-club-split-2-lbf,1,2025-08-13 16:00:00,0.7,2,0.6,10,0.6,2,0.4,5,0.7,0,0.4,10,0.8,0,0.8,5,0.0,0.2,2,-0.2,-0.4,2
https://www.vlr.gg/528562/sad-esports-vs-nightblood-gaming-challengers-2025-north-america-ace-stage-3-r6,1,2025-08-13 16:00:00,0.7,1,0.5,10,0.6,1,0.4,5,0.6,0,0.2,10,0.6,0,0.4,5,0.1,0.3,1,0.0,0.0,1
https://www.vlr.gg/511576/apeks-vs-fnatic-vct-2025-emea-stage-2-w5,1,2025-08-13 14:20:00,0.0,0,-1.5,10,0.0,0,-1.2,5,0.7,0,0.5,10,0.6,0,0.2,5,-0.7,-2.0,0,-0.6,-1.4,0
https://www.vlr.gg/511575/koi-vs-natus-vincere-vct-2025-emea-stage-2-w5,1,2025-08-13 11:00:00,0.2,1,-1.2,10,0.2,1,-1.0,5,0.5,1,-0.1,10,0.4,1,-0.4,5,-0.3,-1.1,0,-0.2,-0.6,0
https://www.vlr.gg/530355/rex-regum-qeon-vs-t1-vct-2025-pacific-stage-2-ur1,1,2025-08-13 06:35:00,0.4,1,-0.7,10,0.6,1,-0.2,5,0.4,1,-0.2,10,0.6,1,0.4,5,0.0,-0.5,0,0.0,-0.6,0
https://www.vlr.gg/530354/talon-vs-nongshim-redforce-vct-2025-pacific-stage-2-ur1,0,2025-08-13 04:00:00,0.4,0,-0.1,10,0.6,0,0.6,5,0.5,2,0.2,10,0.6,2,0.6,5,-0.1,-0.3,-2,0.0,0.0,-2
https://www.vlr.gg/528561/blue-otter-vs-landor-challengers-2025-north-america-ace-stage-3-r6,0,2025-08-12 19:10:00,0.7,0,0.9,10,0.6,0,0.4,5,0.6,1,0.4,10,0.4,1,-0.6,5,0.1,0.5,-1,0.2,1.0,-1
https://www.vlr.gg/518749/team-solid-vs-stellae-gaming-challengers-2025-brazil-gamers-club-split-2-ubf,1,2025-08-12 19:00:00,0.7,5,0.5,10,1.0,5,1.6,5,0.7,6,0.8,10,1.0,5,2.0,5,0.0,-0.3,-1,0.0,-0.4,0
https://www.vlr.gg/518753/red-canids-vs-2game-academy-challengers-2025-brazil-gamers-club-split-2-lr2,0,2025-08-12 16:00:00,0.6,1,0.2,10,0.6,1,0.0,5,0.7,1,0.3,10,0.8,1,0.6,5,-0.1,-0.1,0,-0.2,-0.6,0
https://www.vlr.gg/528559/yfp-vs-shopify-rebellion-black-challengers-2025-north-america-ace-stage-3-r6,0,2025-08-12 16:00:00,0.5,0,-0.2,10,0.4,0,-0.6,5,0.3,1,-0.6,10,0.4,1,-0.6,5,0.2,0.4,-1,0.0,0.0,-1
https://www.vlr.gg/528560/tsm-vs-legacy-kingdom-challengers-2025-north-america-ace-stage-3-r6,0,2025-08-12 16:00:00,0.9,7,1.3,10,1.0,5,1.6,5,0.8,6,1.0,10,1.0,5,1.4,5,0.1,0.3,1,0.0,0.2,0
https://www.vlr.gg/525813/9z-team-vs-shinden-challengers-2025-latam-south-ace-stage-2-playoffs-lbf,1,2025-08-12 15:00:00,0.5,0,-0.1,10,0.2,0,-1.2,5,0.6,1,0.2,10,0.6,1,0.4,5,-0.1,-0.3,-1,-0.4,-1.6,-1
https://www.vlr.gg/524284/team-valiant-vs-mandatory-challengers-2025-france-revolution-split-3-lbf,1,2025-08-12 12:00:00,0.6,0,0.2,10,0.8,0,0.6,5,0.6,2,0.3,10,0.6,2,0.6,5,0.0,-0.1,-2,0.2,0.0,-2
https://www.vlr.gg/521232/naos-vs-sharper-esport-challengers-2025-southeast-asia-split-3-w4,0,2025-08-12 08:50:00,0.7,1,0.6,10,0.6,1,0.4,5,0.6,0,0.0,10,0.2,0,-1.2,5,0.1,0.6,1,0.4,1.6,1
https://www.vlr.gg/521231/talon-academy-vs-full-sense-challengers-2025-southeast-asia-split-3-w4,1,2025-08-12 07:00:00,0.5,0,-0.2,10,0.6,0,0.4,5,0.6,0,0.2,10,0.2,0,-0.8,5,-0.1,-0.4,0,0.4,1.2,0
https://www.vlr.gg/528177/onside-gaming-vs-t1-academy-challengers-2025-korea-wdg-stage-3-ubsf,1,2025-08-12 06:50:00,0.6,4,0.3,10,0.8,4,1.2,5,0.7,2,0.4,10,0.8,2,1.0,5,-0.1,-0.1,2,0.0,0.2,2
https://www.vlr.gg/527776/full-house-vs-e-king-challengers-2025-oceania-split-2-gf,1,2025-08-12 04:30:00,1.0,10,1.7,10,1.0,5,1.8,5,0.8,1,1.3,10,0.8,1,1.4,5,0.2,0.4,9,0.2,0.4,4
https://www.vlr.gg/528176/fearx-vs-slt-seongnam-challengers-2025-korea-wdg-stage-3-ubsf,1,2025-08-12 04:00:00,0.8,0,1.2,10,0.6,0,0.4,5,0.6,2,0.5,10,0.6,2,0.8,5,0.2,0.7,-2,0.0,-0.4,-2
https://www.vlr.gg/527985/equinox-vs-yfp-x-game-changers-2025-north-america-stage-2-r3-1-1,1,2025-08-11 19:45:00,0.857,1,1.286,7,0.8,1,1.0,5,0.5,0,0.2,10,0.4,0,-0.2,5,0.357,1.086,1,0.4,1.2,1
https://www.vlr.gg/527984/mak-n-cheese-vs-tenax-gc-game-changers-2025-north-america-stage-2-r3-1-1,0,2025-08-11 19:15:00,0.857,0,0.714,7,0.8,0,0.6,5,0.6,0,0.2,10,0.4,0,-0.4,5,0.257,0.514,0,0.4,1.0,0
https://www.vlr.gg/527983/flyquest-red-vs-artificial-intelligence-game-changers-2025-north-america-stage-2-r3-1-1,0,2025-08-11 19:10:00,0.3,1,-0.6,10,0.4,1,-0.2,5,0.7,1,0.4,10,0.8,1,0.8,5,-0.4,-1.0,0,-0.4,-1.0,0
https://www.vlr.gg/527987/alliance-angels-vs-teevee-game-changers-2025-north-america-stage-2-r3-0-2,1,2025-08-11 19:10:00,0.6,0,0.4,10,0.6,0,0.4,5,0.4,0,-0.3,10,0.2,0,-0.8,5,0.2,0.7,0,0.4,1.2,0
https://www.vlr.gg/525803/e-xolos-lazer-vs-contra-challengers-2025-latam-north-ace-stage-2-lbf,0,2025-08-11 18:00:00,0.9,0,1.5,10,0.8,0,1.2,5,0.5,1,-0.1,10,0.8,1,1.2,5,0.4,1.6,-1,0.0,0.0,-1
https://www.vlr.gg/527980/shopify-rebellion-gold-vs-wadadaa-game-changers-2025-north-america-stage-2-r3-2-0,0,2025-08-11 17:00:00,0.5,0,-0.1,10,0.6,0,0.4,5,0.8,2,1.2,10,0.6,2,0.6,5,-0.3,-1.3,-2,0.0,-0.2,-2
https://www.vlr.gg/527981/100-thieves-gc-vs-ghost-gaming-game-changers-2025-north-america-stage-2-r3-2-0,0,2025-08-11 17:00:00,0.3,2,-0.7,10,0.6,2,0.0,5,0.6,2,0.2,10,0.8,2,0.6,5,-0.3,-0.9,0,-0.2,-0.6,0
https://www.vlr.gg/527982/3-vs-hakikimori-gc-game-changers-2025-north-america-stage-2-r3-1-1,0,2025-08-11 17:00:00,0.5,1,0.1,10,0.4,1,-0.6,5,0.6,0,0.8,10,0.8,0,1.0,5,-0.1,-0.7,1,-0.4,-1.6,1
https://www.vlr.gg/527986/vs-ydz-black-game-changers-2025-north-america-stage-2-r3-0-2,1,2025-08-11 17:00:00,0.6,0,0.4,10,0.6,0,0.2,5,0.5,0,0.2,10,0.4,0,-0.2,5,0.1,0.2,0,0.2,0.4,0
https://www.vlr.gg/511231/ulf-esports-vs-eternal-fire-challengers-2025-t-rkiye-birlik-split-3-lbf,0,2025-08-11 11:30:00,0.7,0,0.8,10,0.6,0,0.6,5,0.7,3,0.7,10,0.8,3,0.8,5,0.0,0.1,-3,-0.2,-0.2,-3
https://www.vlr.gg/521230/xipto-esports-vs-team-secret-academy-challengers-2025-southeast-asia-split-3-w4,1,2025-08-11 09:55:00,0.9,4,1.3,10,0.8,4,1.2,5,0.5,1,-0.2,10,0.2,1,-1.0,5,0.4,1.5,3,0.6,2.2,3
https://www.vlr.gg/528175/t1-academy-vs-gen-g-global-academy-challengers-2025-korea-wdg-stage-3-ur1,0,2025-08-11 07:10:00,0.6,1,0.2,10,0.6,1,0.4,5,0.4,0,-0.4,10,0.4,0,-0.6,5,0.2,0.6,1,0.2,1.0,1
https://www.vlr.gg/521229/oasis-gaming-vs-rrq-academy-challengers-2025-southeast-asia-split-3-w4,1,2025-08-11 07:00:00,0.8,1,0.7,10,0.8,1,0.2,5,0.5,0,0.1,10,0.4,0,-0.2,5,0.3,0.6,1,0.4,0.4,1
https://www.vlr.gg/527782/e-king-vs-vina-side-hustle-challengers-2025-oceania-split-2-lbf,0,2025-08-11 04:30:00,0.8,0,1.3,10,0.8,0,1.4,5,0.7,3,0.7,10,0.6,3,0.4,5,0.1,0.6,-3,0.2,1.0,-3
https://www.vlr.gg/528174/slt-seongnam-vs-drx-academy-challengers-2025-korea-wdg-stage-3-ur1,0,2025-08-11 04:00:00,0.6,1,0.5,10,0.6,1,0.6,5,0.4,1,-0.3,10,0.6,1,0.0,5,0.2,0.8,0,0.0,0.6,0
https://www.vlr.gg/509824/loud-vs-100-thieves-vct-2025-americas-stage-2-w4,1,2025-08-10 19:00:00,0.1,0,-1.1,10,0.2,0,-0.8,5,0.6,0,0.4,10,0.4,0,0.0,5,-0.5,-1.5,0,-0.2,-0.8,0
https://www.vlr.gg/509823/furia-vs-g2-esports-vct-2025-americas-stage-2-w4,1,2025-08-10 17:00:00,0.2,0,-1.1,10,0.0,0,-1.6,5,0.5,2,0.1,10,0.4,2,0.0,5,-0.3,-1.2,-2,-0.4,-1.6,-2
https://www.vlr.gg/524283/mandatory-vs-blx-corp-challengers-2025-france-revolution-split-3-lr2,0,2025-08-10 13:45:00,0.5,1,0.1,10,0.6,1,0.8,5,0.6,1,0.3,10,0.8,1,1.0,5,-0.1,-0.2,0,-0.2,-0.2,0
https://www.vlr.gg/511226/bbl-pcific-vs-ulf-esports-challengers-2025-t-rkiye-birlik-split-3-ubf,0,2025-08-10 13:25:00,0.6,4,0.4,10,0.8,4,1.2,5,0.7,1,0.8,10,0.8,1,1.0,5,-0.1,-0.4,3,0.0,0.2,3
https://www.vlr.gg/524703/dnsty-vs-ucam-esports-club-challengers-2025-spain-rising-finals-playoffs-sf,0,2025-08-10 12:00:00,0.5,0,0.5,10,0.8,0,0.8,5,0.4,0,0.2,10,0.4,0,0.0,5,0.1,0.3,0,0.4,0.8,0
https://www.vlr.gg/524279/joblife-vs-team-valiant-challengers-2025-france-revolution-split-3-ubf,0,2025-08-10 11:00:00,0.5,2,0.4,10,0.6,2,0.8,5,0.7,4,0.6,10,0.8,4,0.6,5,-0.2,-0.2,-2,-0.2,0.2,-2
https://www.vlr.gg/511230/galatasaray-esports-vs-eternal-fire-challengers-2025-t-rkiye-birlik-split-3-lr3,1,2025-08-10 10:30:00,0.6,1,0.3,10,0.8,1,1.0,5,0.6,2,0.3,10,0.8,2,0.8,5,0.0,0.0,-1,0.0,0.2,-1
https://www.vlr.gg/527583/edward-gaming-vs-trace-esports-vct-2025-china-stage-2-lr1,0,2025-08-10 08:15:00,0.5,0,0.1,10,0.4,0,-0.4,5,0.6,0,0.0,10,0.6,0,-0.2,5,-0.1,0.1,0,-0.2,-0.2,0
https://www.vlr.gg/508845/t1-vs-detonation-focusme-vct-2025-pacific-stage-2-w4,0,2025-08-10 07:05:00,0.3,0,-0.6,10,0.6,0,0.2,5,0.3,2,-0.9,10,0.6,2,0.0,5,0.0,0.3,-2,0.0,0.2,-2
https://www.vlr.gg/527584/all-gamers-vs-funplus-phoenix-vct-2025-china-stage-2-lr1,0,2025-08-10 05:00:00,0.3,0,-0.5,10,0.6,0,0.4,5,0.4,0,-0.7,10,0.6,0,0.0,5,-0.1,0.2,0,0.0,0.4,0
https://www.vlr.gg/508844/rex-regum-qeon-vs-team-secret-vct-2025-pacific-stage-2-w4,0,2025-08-10 04:00:00,0.4,0,-0.6,10,0.4,0,-0.8,5,0.5,0,-0.3,10,0.4,0,-0.6,5,-0.1,-0.3,0,0.0,-0.2,0
https://www.vlr.gg/509822/leviat-n-vs-kr-esports-vct-2025-americas-stage-2-w4,0,2025-08-09 19:15:00,0.5,0,0.2,10,0.6,0,0.6,5,0.5,1,-0.1,10,0.6,1,0.0,5,0.0,0.3,-1,0.0,0.6,-1
https://www.vlr.gg/509821/sentinels-vs-evil-geniuses-vct-2025-americas-stage-2-w4,0,2025-08-09 17:00:00,0.6,3,0.4,10,0.8,3,1.0,5,0.5,0,0.1,10,0.2,0,-1.0,5,0.1,0.3,3,0.6,2.0,3
https://www.vlr.gg/524282/blx-corp-vs-wip-esports-challengers-2025-france-revolution-split-3-lr1,0,2025-08-09 13:05:00,0.6,0,0.3,10,0.6,0,0.6,5,0.5,0,0.0,10,0.4,0,-0.4,5,0.1,0.3,0,0.2,1.0,0
https://www.vlr.gg/511229/papara-supermassive-vs-eternal-fire-challengers-2025-t-rkiye-birlik-split-3-lr2,1,2025-08-09 12:40:00,0.6,0,0.2,10,0.6,0,0.6,5,0.6,1,0.4,10,0.8,1,1.0,5,0.0,-0.2,-1,-0.2,-0.4,-1
https://www.vlr.gg/524702/koi-f-nix-vs-ramboot-club-challengers-2025-spain-rising-finals-playoffs-sf,0,2025-08-09 12:00:00,0.8,6,0.9,10,1.0,5,1.6,5,0.4,0,0.2,10,0.8,0,0.8,5,0.4,0.7,6,0.2,0.8,5
https://www.vlr.gg/524281/kcorp-blue-stars-vs-mandatory-challengers-2025-france-revolution-split-3-lr1,1,2025-08-09 11:00:00,0.6,0,0.2,10,0.6,0,0.2,5,0.5,0,0.1,10,0.4,0,0.0,5,0.1,0.1,0,0.2,0.2,0
https://www.vlr.gg/511228/galatasaray-esports-vs-misa-esports-challengers-2025-t-rkiye-birlik-split-3-lr2,0,2025-08-09 10:30:00,0.5,0,0.0,10,0.6,0,0.2,5,0.5,1,0.0,10,0.4,1,-0.4,5,0.0,0.0,-1,0.2,0.6,-1
https://www.vlr.gg/527576/edward-gaming-vs-dragon-ranger-gaming-vct-2025-china-stage-2-ubqf,1,2025-08-09 07:20:00,0.6,0,0.5,10,0.4,0,-0.4,5,0.5,1,0.0,10,0.6,1,0.2,5,0.1,0.5,-1,-0.2,-0.6,-1
https://www.vlr.gg/508843/boom-esports-vs-zeta-division-vct-2025-pacific-stage-2-w4,1,2025-08-09 06:25:00,0.2,0,-1.1,10,0.2,0,-1.4,5,0.3,1,-0.4,10,0.2,1,-0.8,5,-0.1,-0.7,-1,0.0,-0.6,-1
